Month,Ticker,Avg_Close,Avg_Volume,Monthly_Return,Avg_Volatility
2021-06,AAPL,133.5021,63261400.0,0.0,
2021-06,MSFT,259.9819,21656500.0,0.0,
2021-06,SPY,400.0781,64827900.0,0.0,
2021-07,AAPL,141.475,91382623.8095,0.0652,0.0144
2021-07,MSFT,270.1569,24889176.1905,0.0513,0.0091
2021-07,SPY,406.6525,67719271.4286,0.0246,0.0072
2021-08,AAPL,144.614,66433763.6364,0.043,0.0114
2021-08,MSFT,282.7032,20059495.4545,0.0609,0.0083
2021-08,SPY,415.4621,57000063.6364,0.0296,0.0059
2021-09,AAPL,144.7783,85611195.2381,-0.0687,0.0133
2021-09,MSFT,285.4547,23948509.5238,-0.067,0.0098
2021-09,SPY,415.1827,83121885.7143,-0.0469,0.006
2021-10,AAPL,142.1012,74527580.9524,0.0587,0.0125
2021-10,MSFT,291.8663,24595990.4762,0.1649,0.0147
2021-10,SPY,416.9855,71841200.0,0.0684,0.0091
2021-11,AAPL,150.7653,80525190.4762,0.1023,0.0113
2021-11,MSFT,323.2056,24280247.619,-0.0001,0.0116
2021-11,SPY,436.7042,63588166.6667,-0.0074,0.005
2021-12,AAPL,169.6716,111125759.0909,0.0752,0.0187
2021-12,MSFT,320.5914,28439763.6364,0.0203,0.0156
2021-12,SPY,438.0166,87610631.8182,0.0464,0.0112
2022-01,AAPL,166.0629,105422300.0,-0.0113,0.0166
2022-01,MSFT,297.409,47376570.0,-0.0747,0.0176
2022-01,SPY,428.9161,124258390.0,-0.0528,0.0096
2022-02,AAPL,166.2093,85658752.6316,-0.0535,0.0209
2022-02,MSFT,288.009,36686873.6842,-0.0335,0.0207
2022-02,SPY,416.3978,120946057.8947,-0.0283,0.0136
2022-03,AAPL,161.8195,94817395.6522,0.0602,0.019
2022-03,MSFT,285.4826,31927573.913,0.0361,0.0229
2022-03,SPY,412.8406,103518673.913,0.0394,0.0153
2022-04,AAPL,163.2982,84389780.0,-0.0975,0.0177
2022-04,MSFT,278.7844,31367170.0,-0.0989,0.0199
2022-04,SPY,413.2344,92837870.0,-0.0894,0.012
2022-05,AAPL,145.4657,114335252.381,-0.0462,0.0286
2022-05,MSFT,257.7215,35376285.7143,-0.0123,0.0274
2022-05,SPY,380.6911,115165623.8095,0.0062,0.0199
2022-06,AAPL,137.0475,83290466.6667,-0.0789,0.0272
2022-06,MSFT,251.0739,29589157.1429,-0.0519,0.0218
2022-06,SPY,367.9749,93267233.3333,-0.0823,0.0188
2022-07,AAPL,146.7251,72356270.0,0.1759,0.0193
2022-07,MSFT,253.7003,26744590.0,0.0939,0.0207
2022-07,SPY,369.6634,71887420.0,0.0898,0.0149
2022-08,AAPL,163.7896,65662591.3043,-0.0288,0.0165
2022-08,MSFT,271.7262,20745982.6087,-0.0666,0.0199
2022-08,SPY,393.5015,62756278.2609,-0.04,0.0118
2022-09,AAPL,150.2002,99272514.2857,-0.123,0.0194
2022-09,MSFT,240.1764,27408885.7143,-0.1124,0.0168
2022-09,SPY,364.9826,95186123.8095,-0.0947,0.0144
2022-10,AAPL,142.3571,88959033.3333,0.1114,0.0239
2022-10,MSFT,229.83,31963100.0,0.006,0.0238
2022-10,SPY,353.6553,96415809.5238,0.0815,0.0177
2022-11,AAPL,143.3757,82135604.7619,-0.0245,0.0313
2022-11,MSFT,230.377,29299809.5238,0.1052,0.031
2022-11,SPY,372.2686,83142157.1429,0.0573,0.0173
2022-12,AAPL,135.5757,79796723.8095,-0.1268,0.0222
2022-12,MSFT,238.8428,28159938.0952,-0.059,0.0217
2022-12,SPY,372.3625,82665409.5238,-0.0579,0.0137
2023-01,AAPL,133.513,72182625.0,0.1076,0.0195
2023-01,MSFT,230.7129,33308405.0,0.0366,0.0194
2023-01,SPY,377.402,78772505.0,0.062,0.0112
2023-02,AAPL,148.5918,68799942.1053,0.0255,0.0155
2023-02,MSFT,252.8032,32394789.4737,0.0129,0.0214
2023-02,SPY,389.2363,84373405.2632,-0.0248,0.0104
2023-03,AAPL,152.6112,66098547.8261,0.1144,0.0149
2023-03,MSFT,260.0086,32505869.5652,0.1482,0.0171
2023-03,SPY,379.3651,109391121.7391,0.038,0.0107
2023-04,AAPL,162.5391,51040863.1579,0.03,0.012
2023-04,MSFT,281.3542,29027368.4211,0.068,0.0163
2023-04,SPY,394.4157,73462131.5789,0.0164,0.0084
2023-05,AAPL,170.141,57971122.7273,0.0466,0.0138
2023-05,MSFT,306.8824,27311677.2727,0.0708,0.0187
2023-05,SPY,397.2566,80950413.6364,0.0055,0.0086
2023-06,AAPL,181.7356,61780157.1429,0.0911,0.0092
2023-06,MSFT,326.9259,26081057.1429,0.0387,0.0152
2023-06,SPY,417.0064,83328642.8571,0.0633,0.0072
2023-07,AAPL,189.7513,49805700.0,0.0132,0.0093
2023-07,MSFT,333.794,33337340.0,-0.0107,0.0155
2023-07,SPY,433.0019,68734925.0,0.0326,0.0058
2023-08,AAPL,178.736,57506860.8696,-0.0407,0.0136
2023-08,MSFT,317.3361,20846791.3043,-0.021,0.0151
2023-08,SPY,428.6336,76299673.913,-0.0158,0.0065
2023-09,AAPL,174.7911,66891150.0,-0.0908,0.0157
2023-09,MSFT,319.1801,20837115.0,-0.0359,0.0115
2023-09,SPY,424.6409,79449080.0,-0.0479,0.0074
2023-10,AAPL,172.4864,53309859.0909,-0.0015,0.011
2023-10,MSFT,322.0193,24588645.4545,0.0716,0.0141
2023-10,SPY,411.5241,90877018.1818,-0.0211,0.008
2023-11,AAPL,183.7213,52364361.9048,0.109,0.0115
2023-11,MSFT,360.9875,26852095.2381,0.1176,0.0145
2023-11,SPY,430.4695,71429409.5238,0.0879,0.0091
2023-12,AAPL,192.1337,53159060.0,0.0144,0.0089
2023-12,MSFT,365.477,26104085.0,-0.0068,0.011
2023-12,SPY,452.8615,82181215.0,0.0451,0.0056
2024-01,AAPL,185.6231,56547180.9524,-0.0407,0.0128
2024-01,MSFT,382.0274,25166247.619,0.0571,0.0087
2024-01,SPY,464.7897,80993928.5714,0.0163,0.0064
2024-02,AAPL,182.8694,58077675.0,-0.0183,0.0109
2024-02,MSFT,401.6055,22204560.0,0.0431,0.0127
2024-02,SPY,485.3306,69665360.0,0.0515,0.0077
2024-03,AAPL,170.9815,71657590.0,-0.0503,0.0118
2024-03,MSFT,409.6019,21322265.0,0.0187,0.0133
2024-03,SPY,501.4148,73675055.0,0.0324,0.007
2024-04,AAPL,167.9202,56642913.6364,-0.0046,0.0151
2024-04,MSFT,406.1368,20049263.6364,-0.0753,0.0112
2024-04,SPY,496.192,72415395.4545,-0.0403,0.0069
2024-05,AAPL,184.6093,60750513.6364,0.1254,0.0176
2024-05,MSFT,410.7478,18808181.8182,0.0673,0.014
2024-05,SPY,508.6979,52418463.6364,0.0499,0.0075
2024-06,AAPL,204.4918,90418531.5789,0.0955,0.0165
2024-06,MSFT,431.5598,17985110.5263,0.0747,0.0111
2024-06,SPY,526.8429,46756189.4737,0.0349,0.0052
2024-07,AAPL,222.6698,52413627.2727,0.0556,0.0175
2024-07,MSFT,438.4485,20020418.1818,-0.0639,0.0115
2024-07,SPY,539.2522,47202977.2727,0.013,0.0058
2024-08,AAPL,219.9112,51030318.1818,0.0338,0.0159
2024-08,MSFT,406.5521,20541772.7273,0.0002,0.0143
2024-08,SPY,533.9123,56572681.8182,0.0245,0.0127
2024-09,AAPL,222.0931,61604885.0,0.0196,0.012
2024-09,MSFT,418.4218,18844905.0,0.0323,0.0112
2024-09,SPY,548.5665,52249415.0,0.0217,0.0092
2024-10,AAPL,228.3444,40466782.6087,-0.0289,0.0143
2024-10,MSFT,414.0049,19162847.8261,-0.0545,0.0102
2024-10,SPY,565.7648,42437773.913,-0.0083,0.0063
2024-11,AAPL,226.3032,44579415.0,0.0514,0.011
2024-11,MSFT,413.4459,22115310.0,0.0445,0.0169
2024-11,SPY,579.6928,45088030.0,0.0586,0.0085
2024-12,AAPL,247.74,46567433.3333,0.0548,0.0084
2024-12,MSFT,434.257,20947733.3333,-0.0029,0.0117
2024-12,SPY,588.3139,50453176.1905,-0.0233,0.0068
2025-01,AAPL,233.0977,60008820.0,-0.0558,0.015
2025-01,MSFT,423.38,23125060.0,-0.011,0.0139
2025-01,SPY,585.7673,49775080.0,0.0275,0.0097
2025-02,AAPL,237.1937,45382752.6316,0.028,0.0187
2025-02,MSFT,403.5998,22760468.4211,-0.0415,0.0188
2025-02,SPY,592.1659,45875857.8947,-0.0121,0.0075
2025-03,AAPL,221.5323,53106642.8571,-0.0809,0.0175
2025-03,MSFT,383.8734,23418409.5238,-0.0531,0.0147
2025-03,SPY,558.0124,71266257.1429,-0.0555,0.0118
2025-04,AAPL,200.1264,76538980.9524,-0.0202,0.0437
2025-04,MSFT,374.5466,26816385.7143,0.0601,0.0256
2025-04,SPY,527.7116,106524528.5714,0.0019,0.0287
2025-05,AAPL,203.0538,56939438.0952,-0.0505,0.0276
2025-05,MSFT,444.2063,22711542.8571,0.1583,0.023
2025-05,SPY,571.5421,66770123.8095,0.062,0.0163
2025-06,AAPL,199.8641,55020465.0,0.0225,0.0145
2025-06,MSFT,474.7573,20062755.0,0.0779,0.0081
2025-06,SPY,593.893,74770510.0,0.0506,0.0083
2025-07,AAPL,210.446,49087981.8182,0.0123,0.0106
2025-07,MSFT,502.2807,18040086.3636,0.0713,0.0077
2025-07,SPY,620.7065,67265945.4545,0.0227,0.0053
2025-08,AAPL,223.945,58003766.6667,0.1168,0.0169
2025-08,MSFT,512.5163,21661357.1429,-0.0489,0.0128
2025-08,SPY,632.2926,67811780.9524,0.0209,0.0068
2025-09,AAPL,241.8021,60263638.0952,0.096,0.0161
2025-09,MSFT,504.7556,20191690.4762,0.0229,0.0093
2025-09,SPY,650.3377,76492785.7143,0.0354,0.0054
2025-10,AAPL,257.5665,47701834.7826,0.0623,0.0155
2025-10,MSFT,517.9229,20367260.8696,0.0013,0.0097
2025-10,SPY,665.8466,77470221.7391,0.0246,0.007
2025-11,AAPL,271.084,46188326.3158,0.0326,0.0117
2025-11,MSFT,493.9542,25235826.3158,-0.0476,0.0129
2025-11,SPY,666.8954,87614121.0526,0.003,0.0087
2025-12,AAPL,275.794,42024036.3636,-0.025,0.0092
2025-12,MSFT,481.7184,22570840.9091,-0.016,0.0132
2025-12,SPY,678.7171,75281304.5455,0.0011,0.0074
2026-01,AAPL,257.1717,52000865.0,-0.0449,0.0087
2026-01,MSFT,462.9837,34203130.0,-0.1093,0.0128
2026-01,SPY,686.8444,80026890.0,0.015,0.0061
2026-02,AAPL,268.8633,52048473.6842,0.0233,0.0185
2026-02,MSFT,400.5829,42118805.2632,-0.0849,0.0287
2026-02,SPY,683.8212,84998421.0526,-0.008,0.0079
2026-03,AAPL,254.6717,40910713.6364,-0.0388,0.0153
2026-03,MSFT,389.4052,33876745.4545,-0.0573,0.0152
2026-03,SPY,660.8645,101710209.0909,-0.0493,0.0083
2026-04,AAPL,264.4511,43216119.0476,0.0693,0.0143
2026-04,MSFT,401.029,34119957.1429,0.1012,0.0173
2026-04,SPY,691.5707,56977976.1905,0.1005,0.0112
2026-05,AAPL,297.4628,49064320.0,0.1425,0.0142
2026-05,MSFT,416.9669,34947740.0,0.1045,0.0187
2026-05,SPY,737.4357,47256615.0,0.0516,0.0067
2026-06,AAPL,296.7725,66800565.0,-0.0975,0.0149
2026-06,MSFT,396.0245,48632635.0,-0.1933,0.0237
2026-06,SPY,741.5825,62960635.0,-0.0168,0.0091
