Date,AAPL_Return,MSFT_Return,SPY_Return
2021-07-01,0.0023,0.0026,0.0055
2021-07-02,0.0196,0.0223,0.0076
2021-07-06,0.0147,0.0,-0.0018
2021-07-07,0.018,0.0082,0.0035
2021-07-08,-0.0092,-0.009,-0.0081
2021-07-09,0.0131,0.0019,0.0107
2021-07-12,-0.0042,-0.0022,0.0036
2021-07-13,0.0079,0.0132,-0.0034
2021-07-14,0.0241,0.0054,0.0015
2021-07-15,-0.0045,-0.0052,-0.0034
2021-07-16,-0.0141,-0.001,-0.0078
2021-07-19,-0.0269,-0.0133,-0.0148
2021-07-20,0.026,0.0083,0.0143
2021-07-21,-0.0051,0.0074,0.0081
2021-07-22,0.0096,0.0168,0.0021
2021-07-23,0.012,0.0123,0.0103
2021-07-26,0.0029,-0.0021,0.0025
2021-07-27,-0.0149,-0.0087,-0.0046
2021-07-28,-0.0122,-0.0011,-0.0004
2021-07-29,0.0046,0.001,0.0041
2021-07-30,0.0015,-0.0055,-0.0049
2021-08-02,-0.0023,-0.0003,-0.0021
2021-08-03,0.0126,0.0081,0.0081
2021-08-04,-0.0028,-0.0021,-0.0049
2021-08-05,0.0007,0.0105,0.0063
2021-08-06,-0.0048,-0.0002,0.0017
2021-08-09,-0.0003,-0.0039,-0.0008
2021-08-10,-0.0034,-0.0066,0.0012
2021-08-11,0.0018,0.0018,0.0025
2021-08-12,0.0208,0.01,0.003
2021-08-13,0.0014,0.0105,0.0018
2021-08-16,0.0135,0.006,0.0024
2021-08-17,-0.0062,-0.0052,-0.0066
2021-08-18,-0.0255,-0.0061,-0.0109
2021-08-19,0.0023,0.0208,0.0015
2021-08-20,0.0102,0.0256,0.008
2021-08-23,0.0103,0.001,0.0088
2021-08-24,-0.0006,-0.0067,0.0016
2021-08-25,-0.0084,-0.002,0.0021
2021-08-26,-0.0055,-0.0097,-0.0059
2021-08-27,0.0072,0.0021,0.0089
2021-08-30,0.0304,0.0129,0.0044
2021-08-31,-0.0084,-0.0056,-0.0015
2021-09-01,0.0045,-0.0002,0.0005
2021-09-02,0.0075,-0.0023,0.0031
2021-09-03,0.0042,0.0,-0.0002
2021-09-07,0.0155,-0.0032,-0.0036
2021-09-08,-0.0101,0.0001,-0.0012
2021-09-09,-0.0067,-0.0099,-0.0043
2021-09-10,-0.0331,-0.0052,-0.0079
2021-09-13,0.0039,0.0043,0.0026
2021-09-14,-0.0096,0.0094,-0.0054
2021-09-15,0.0061,0.0168,0.0084
2021-09-16,-0.0016,0.0013,-0.0016
2021-09-17,-0.0183,-0.0175,-0.0097
2021-09-20,-0.0214,-0.0186,-0.0167
2021-09-21,0.0034,0.0017,-0.0009
2021-09-22,0.0169,0.0128,0.0098
2021-09-23,0.0067,0.0033,0.0122
2021-09-24,0.0006,-0.0007,0.0016
2021-09-27,-0.0106,-0.0173,-0.0029
2021-09-28,-0.0238,-0.0362,-0.0202
2021-09-29,0.0065,0.0017,0.0017
2021-09-30,-0.0093,-0.0073,-0.0122
2021-10-01,0.0081,0.0255,0.0119
2021-10-04,-0.0246,-0.0207,-0.0129
2021-10-05,0.0142,0.02,0.0104
2021-10-06,0.0063,0.0151,0.0042
2021-10-07,0.0091,0.0059,0.0086
2021-10-08,-0.0027,0.0,-0.0018
2021-10-11,-0.0006,-0.0021,-0.0072
2021-10-12,-0.0091,-0.0046,-0.0025
2021-10-13,-0.0042,0.0117,0.0036
2021-10-14,0.0202,0.0217,0.0168
2021-10-15,0.0075,0.0048,0.0076
2021-10-18,0.0118,0.0101,0.003
2021-10-19,0.0151,0.0031,0.0077
2021-10-20,0.0034,-0.0027,0.0039
2021-10-21,0.0015,0.0109,0.0026
2021-10-22,-0.0053,-0.0051,-0.001
2021-10-25,-0.0003,-0.0033,0.0054
2021-10-26,0.0046,0.0064,0.0009
2021-10-27,-0.0031,0.0421,-0.0044
2021-10-28,0.025,0.0037,0.0096
2021-10-29,-0.0182,0.0224,0.002
2021-11-01,-0.0056,-0.0068,0.0017
2021-11-02,0.0071,0.0114,0.004
2021-11-03,0.0098,0.0026,0.0061
2021-11-04,-0.0035,0.0073,0.0047
2021-11-05,0.0036,-0.0011,0.0035
2021-11-08,-0.0056,0.0028,0.0009
2021-11-09,0.0025,-0.0031,-0.0033
2021-11-10,-0.0192,-0.0153,-0.008
2021-11-11,-0.0003,0.0049,0.0003
2021-11-12,0.0143,0.0129,0.0075
2021-11-15,0.0001,-0.0019,0.0003
2021-11-16,0.0067,0.0102,0.004
2021-11-17,0.0165,0.0007,-0.0024
2021-11-18,0.0285,0.0063,0.0034
2021-11-19,0.017,0.0054,-0.0018
2021-11-22,0.0029,-0.0096,-0.0028
2021-11-23,0.0024,-0.0063,0.0013
2021-11-24,0.0033,0.0007,0.0027
2021-11-26,-0.0317,-0.0244,-0.0223
2021-11-29,0.0219,0.0211,0.0123
2021-11-30,0.0316,-0.0179,-0.0195
2021-12-01,-0.0032,-0.0015,-0.0111
2021-12-02,-0.0061,-0.0018,0.0153
2021-12-03,-0.0117,-0.0197,-0.0087
2021-12-06,0.0215,0.0098,0.0118
2021-12-07,0.0354,0.0268,0.0207
2021-12-08,0.0228,0.0001,0.0026
2021-12-09,-0.003,-0.0056,-0.0068
2021-12-10,0.028,0.0283,0.0094
2021-12-13,-0.0207,-0.0092,-0.0089
2021-12-14,-0.008,-0.0326,-0.0069
2021-12-15,0.0285,0.0192,0.0156
2021-12-16,-0.0393,-0.0291,-0.0088
2021-12-17,-0.0065,-0.0034,-0.0106
2021-12-20,-0.0081,-0.012,-0.0106
2021-12-21,0.0191,0.0231,0.0178
2021-12-22,0.0153,0.0181,0.01
2021-12-23,0.0036,0.0045,0.0062
2021-12-27,0.023,0.0232,0.0142
2021-12-28,-0.0058,-0.0035,-0.0008
2021-12-29,0.0005,0.0021,0.0013
2021-12-30,-0.0066,-0.0077,-0.0028
2021-12-31,-0.0035,-0.0088,-0.0025
2022-01-03,0.025,-0.0047,0.0058
2022-01-04,-0.0127,-0.0171,-0.0003
2022-01-05,-0.0266,-0.0384,-0.0192
2022-01-06,-0.0167,-0.0079,-0.0009
2022-01-07,0.001,0.0005,-0.004
2022-01-10,0.0001,0.0007,-0.0012
2022-01-11,0.0168,0.0023,0.0091
2022-01-12,0.0026,0.0104,0.0027
2022-01-13,-0.019,-0.0423,-0.0138
2022-01-14,0.0051,0.0177,0.0004
2022-01-18,-0.0189,-0.0243,-0.0177
2022-01-19,-0.021,0.0022,-0.0104
2022-01-20,-0.0103,-0.0057,-0.0111
2022-01-21,-0.0128,-0.0185,-0.0196
2022-01-24,-0.0049,0.0011,0.0042
2022-01-25,-0.0114,-0.0266,-0.0122
2022-01-26,-0.0006,0.0285,-0.0025
2022-01-27,-0.0029,0.0105,-0.0049
2022-01-28,0.0698,0.0281,0.0248
2022-01-31,0.0261,0.0088,0.018
2022-02-01,-0.001,-0.0071,0.0068
2022-02-02,0.007,0.0152,0.0097
2022-02-03,-0.0167,-0.039,-0.0235
2022-02-04,-0.0017,0.0156,0.0047
2022-02-07,-0.0042,-0.0163,-0.0032
2022-02-08,0.0185,0.012,0.0082
2022-02-09,0.0083,0.0218,0.0146
2022-02-10,-0.0236,-0.0284,-0.018
2022-02-11,-0.0202,-0.0243,-0.0197
2022-02-14,0.0014,-0.0001,-0.0033
2022-02-15,0.0232,0.0185,0.0161
2022-02-16,-0.0014,-0.0012,0.0011
2022-02-17,-0.0213,-0.0293,-0.0214
2022-02-18,-0.0094,-0.0096,-0.0065
2022-02-22,-0.0178,-0.0007,-0.0107
2022-02-23,-0.0259,-0.0259,-0.0177
2022-02-24,0.0167,0.0511,0.015
2022-02-25,0.013,0.0092,0.0221
2022-02-28,0.0016,0.005,-0.0026
2022-03-01,-0.0116,-0.0129,-0.0152
2022-03-02,0.0206,0.0178,0.0184
2022-03-03,-0.002,-0.0142,-0.005
2022-03-04,-0.0184,-0.0205,-0.0081
2022-03-07,-0.0237,-0.0378,-0.0295
2022-03-08,-0.0117,-0.011,-0.0076
2022-03-09,0.035,0.0459,0.0268
2022-03-10,-0.0272,-0.0101,-0.0045
2022-03-11,-0.0239,-0.0193,-0.0127
2022-03-14,-0.0266,-0.013,-0.0073
2022-03-15,0.0297,0.0387,0.022
2022-03-16,0.029,0.0252,0.0222
2022-03-17,0.0065,0.0028,0.0125
2022-03-18,0.0209,0.0176,0.011
2022-03-21,0.0085,-0.0042,-0.0003
2022-03-22,0.0208,0.0164,0.0117
2022-03-23,0.0082,-0.015,-0.0129
2022-03-24,0.0227,0.0154,0.0151
2022-03-25,0.0037,-0.0014,0.0049
2022-03-28,0.005,0.0231,0.0071
2022-03-29,0.0191,0.0152,0.0124
2022-03-30,-0.0066,-0.0049,-0.0062
2022-03-31,-0.0178,-0.0177,-0.0154
2022-04-01,-0.0017,0.0036,0.0028
2022-04-04,0.0237,0.0179,0.0086
2022-04-05,-0.0189,-0.013,-0.0126
2022-04-06,-0.0185,-0.0366,-0.01
2022-04-07,0.0018,0.0062,0.005
2022-04-08,-0.0119,-0.0146,-0.0027
2022-04-11,-0.0255,-0.0394,-0.0171
2022-04-12,0.0115,-0.0112,-0.0037
2022-04-13,0.0163,0.0197,0.0115
2022-04-14,-0.03,-0.0271,-0.0125
2022-04-18,-0.0013,0.0025,0.0004
2022-04-19,0.0141,0.017,0.0161
2022-04-20,-0.001,0.0037,-0.0007
2022-04-21,-0.0048,-0.0194,-0.015
2022-04-22,-0.0278,-0.0241,-0.0274
2022-04-25,0.0067,0.0244,0.0058
2022-04-26,-0.0373,-0.0374,-0.029
2022-04-27,-0.0015,0.0481,0.0028
2022-04-28,0.0452,0.0226,0.0253
2022-04-29,-0.0366,-0.0418,-0.037
2022-05-02,0.002,0.025,0.006
2022-05-03,0.0096,-0.0095,0.0046
2022-05-04,0.041,0.0291,0.0305
2022-05-05,-0.0557,-0.0436,-0.0355
2022-05-06,0.0047,-0.0094,-0.006
2022-05-09,-0.0332,-0.0369,-0.032
2022-05-10,0.0161,0.0186,0.0023
2022-05-11,-0.0518,-0.0332,-0.0159
2022-05-12,-0.0269,-0.02,-0.001
2022-05-13,0.0319,0.0226,0.0239
2022-05-16,-0.0107,0.0015,-0.0041
2022-05-17,0.0254,0.0203,0.0206
2022-05-18,-0.0564,-0.0455,-0.0403
2022-05-19,-0.0246,-0.0037,-0.0061
2022-05-20,0.0017,-0.0023,0.0004
2022-05-23,0.0401,0.032,0.0187
2022-05-24,-0.0192,-0.004,-0.0076
2022-05-25,0.0011,0.0112,0.0088
2022-05-26,0.0232,0.0129,0.02
2022-05-27,0.0408,0.0276,0.0245
2022-05-31,-0.0053,-0.005,-0.0056
2022-06-01,-0.0009,0.002,-0.0081
2022-06-02,0.0168,0.0079,0.019
2022-06-03,-0.0386,-0.0166,-0.0164
2022-06-06,0.0052,-0.0047,0.003
2022-06-07,0.0176,0.014,0.0096
2022-06-08,-0.005,-0.0077,-0.0109
2022-06-09,-0.036,-0.0208,-0.0238
2022-06-10,-0.0386,-0.0446,-0.029
2022-06-13,-0.0383,-0.0424,-0.038
2022-06-14,0.0067,0.0092,-0.003
2022-06-15,0.0201,0.0297,0.0143
2022-06-16,-0.0397,-0.027,-0.0331
2022-06-17,0.0115,0.0109,0.0022
2022-06-21,0.0328,0.0246,0.0252
2022-06-22,-0.0038,-0.0024,-0.0018
2022-06-23,0.0216,0.0226,0.0098
2022-06-24,0.0245,0.0341,0.0318
2022-06-27,0.0,-0.0105,-0.0038
2022-06-28,-0.0298,-0.0317,-0.0204
2022-06-29,0.013,0.0147,-0.0008
2022-06-30,-0.018,-0.0132,-0.0081
2022-07-01,0.0162,0.0107,0.0106
2022-07-05,0.0189,0.0126,0.0019
2022-07-06,0.0096,0.0128,0.0034
2022-07-07,0.024,0.0082,0.015
2022-07-08,0.0047,-0.0028,-0.0008
2022-07-11,-0.0148,-0.0118,-0.0114
2022-07-12,0.0068,-0.041,-0.0088
2022-07-13,-0.0025,-0.0037,-0.0053
2022-07-14,0.0205,0.0054,-0.0024
2022-07-15,0.0115,0.0104,0.0191
2022-07-18,-0.0206,-0.0096,-0.0083
2022-07-19,0.0267,0.0208,0.027
2022-07-20,0.0135,0.0106,0.0064
2022-07-21,0.0151,0.0098,0.0102
2022-07-22,-0.0081,-0.0169,-0.0093
2022-07-25,-0.0074,-0.0059,0.0012
2022-07-26,-0.0088,-0.0268,-0.0118
2022-07-27,0.0342,0.0669,0.026
2022-07-28,0.0036,0.0285,0.0125
2022-07-29,0.0328,0.0157,0.0146
2022-08-01,-0.0062,-0.0097,-0.003
2022-08-02,-0.0093,-0.0115,-0.0066
2022-08-03,0.0382,0.0278,0.0157
2022-08-04,-0.0019,0.0042,-0.0007
2022-08-05,-0.0014,-0.0026,-0.0017
2022-08-08,-0.0029,-0.0092,-0.0012
2022-08-09,0.0003,0.0071,-0.004
2022-08-10,0.0262,0.0243,0.021
2022-08-11,-0.0044,-0.0074,0.0
2022-08-12,0.0214,0.017,0.0169
2022-08-15,0.0063,0.0053,0.0041
2022-08-16,-0.0009,-0.0026,0.002
2022-08-17,0.0088,-0.0026,-0.0071
2022-08-18,-0.0023,-0.0039,0.0029
2022-08-19,-0.0151,-0.0139,-0.0134
2022-08-22,-0.023,-0.0294,-0.0208
2022-08-23,-0.002,-0.0047,-0.0024
2022-08-24,0.0018,-0.0024,0.0032
2022-08-25,0.0149,0.0111,0.0141
2022-08-26,-0.0377,-0.0386,-0.0338
2022-08-29,-0.0137,-0.0107,-0.0066
2022-08-30,-0.0153,-0.0085,-0.011
2022-08-31,-0.0106,-0.0057,-0.0076
2022-09-01,0.0047,-0.0041,0.0031
2022-09-02,-0.0136,-0.0167,-0.0105
2022-09-06,-0.0082,-0.011,-0.0038
2022-09-07,0.0093,0.0191,0.018
2022-09-08,-0.0096,0.0017,0.0065
2022-09-09,0.0188,0.023,0.0155
2022-09-12,0.0385,0.0083,0.0107
2022-09-13,-0.0587,-0.055,-0.0435
2022-09-14,0.0096,0.0009,0.0038
2022-09-15,-0.0189,-0.0271,-0.0114
2022-09-16,-0.011,-0.0026,-0.0076
2022-09-19,0.0251,-0.0009,0.0078
2022-09-20,0.0157,-0.0085,-0.0115
2022-09-21,-0.0203,-0.0144,-0.0174
2022-09-22,-0.0064,0.0085,-0.0084
2022-09-23,-0.0151,-0.0127,-0.0168
2022-09-26,0.0023,-0.002,-0.0099
2022-09-27,0.0066,-0.0044,-0.0026
2022-09-28,-0.0127,0.0197,0.0197
2022-09-29,-0.0491,-0.0148,-0.0209
2022-09-30,-0.03,-0.0194,-0.0155
2022-10-03,0.0308,0.0337,0.0264
2022-10-04,0.0256,0.0338,0.031
2022-10-05,0.0021,0.0013,-0.0023
2022-10-06,-0.0066,-0.0097,-0.0103
2022-10-07,-0.0367,-0.0509,-0.0279
2022-10-10,0.0024,-0.0213,-0.0076
2022-10-11,-0.0103,-0.0168,-0.0063
2022-10-12,-0.0046,0.0015,-0.0033
2022-10-13,0.0336,0.0376,0.0264
2022-10-14,-0.0322,-0.0242,-0.0228
2022-10-17,0.0291,0.0392,0.0257
2022-10-18,0.0094,0.0041,0.0117
2022-10-19,0.0008,-0.0085,-0.0071
2022-10-20,-0.0033,-0.0014,-0.0084
2022-10-21,0.0271,0.0253,0.0243
2022-10-24,0.0148,0.0212,0.0122
2022-10-25,0.0193,0.0138,0.016
2022-10-26,-0.0196,-0.0772,-0.0075
2022-10-27,-0.0305,-0.0198,-0.0053
2022-10-28,0.0756,0.0402,0.0238
2022-10-31,-0.0154,-0.0159,-0.0072
2022-11-01,-0.0175,-0.0171,-0.0044
2022-11-02,-0.0373,-0.0354,-0.0251
2022-11-03,-0.0424,-0.0266,-0.0103
2022-11-04,-0.0019,0.0333,0.0144
2022-11-07,0.0039,0.0293,0.0096
2022-11-08,0.0042,0.0044,0.0054
2022-11-09,-0.0332,-0.0191,-0.0206
2022-11-10,0.089,0.0823,0.055
2022-11-11,0.0193,0.017,0.0097
2022-11-14,-0.0095,-0.0225,-0.0085
2022-11-15,0.0119,0.0017,0.0085
2022-11-16,-0.0083,0.0018,-0.0076
2022-11-17,0.013,-0.0002,-0.0031
2022-11-18,0.0038,-0.0019,0.0045
2022-11-21,-0.0217,0.0034,-0.0036
2022-11-22,0.0147,0.0123,0.0135
2022-11-23,0.0059,0.0104,0.0063
2022-11-25,-0.0196,-0.0004,-0.0002
2022-11-28,-0.0263,-0.0232,-0.016
2022-11-29,-0.0211,-0.0059,-0.0017
2022-11-30,0.0486,0.0616,0.0315
2022-12-01,0.0019,-0.0018,-0.0007
2022-12-02,-0.0034,0.0013,-0.0012
2022-12-05,-0.008,-0.0189,-0.018
2022-12-06,-0.0254,-0.0203,-0.0144
2022-12-07,-0.0138,-0.0031,-0.0017
2022-12-08,0.0121,0.0124,0.0078
2022-12-09,-0.0034,-0.008,-0.0075
2022-12-12,0.0164,0.0289,0.0144
2022-12-13,0.0068,0.0175,0.0076
2022-12-14,-0.0155,0.0012,-0.0064
2022-12-15,-0.0469,-0.0319,-0.0245
2022-12-16,-0.0146,-0.0173,-0.0118
2022-12-19,-0.0159,-0.0173,-0.0085
2022-12-20,-0.0005,0.0056,0.0014
2022-12-21,0.0238,0.0109,0.015
2022-12-22,-0.0238,-0.0255,-0.0143
2022-12-23,-0.0028,0.0023,0.0058
2022-12-27,-0.0139,-0.0074,-0.0039
2022-12-28,-0.0307,-0.0103,-0.0124
2022-12-29,0.0283,0.0276,0.018
2022-12-30,0.0025,-0.0049,-0.0026
2023-01-03,-0.0374,-0.001,-0.0042
2023-01-04,0.0103,-0.0437,0.0077
2023-01-05,-0.0106,-0.0296,-0.0114
2023-01-06,0.0368,0.0118,0.0229
2023-01-09,0.0041,0.0097,-0.0006
2023-01-10,0.0045,0.0076,0.007
2023-01-11,0.0211,0.0302,0.0126
2023-01-12,-0.0006,0.0116,0.0036
2023-01-13,0.0101,0.003,0.0039
2023-01-17,0.0088,0.0047,-0.0018
2023-01-18,-0.0054,-0.0189,-0.0158
2023-01-19,0.0004,-0.0165,-0.0073
2023-01-20,0.0192,0.0357,0.0186
2023-01-23,0.0235,0.0098,0.012
2023-01-24,0.0101,-0.0022,-0.0011
2023-01-25,-0.0047,-0.0059,0.0004
2023-01-26,0.0148,0.0307,0.011
2023-01-27,0.0137,0.0006,0.0023
2023-01-30,-0.0201,-0.022,-0.0125
2023-01-31,0.009,0.021,0.0147
2023-02-01,0.0079,0.0199,0.0106
2023-02-02,0.0371,0.0469,0.0146
2023-02-03,0.0244,-0.0236,-0.0106
2023-02-06,-0.0179,-0.0061,-0.0061
2023-02-07,0.0192,0.042,0.0131
2023-02-08,-0.0177,-0.0031,-0.0109
2023-02-09,-0.0069,-0.0117,-0.0087
2023-02-10,0.0025,-0.002,0.0023
2023-02-13,0.0188,0.0312,0.0117
2023-02-14,-0.0042,0.0031,-0.0005
2023-02-15,0.0139,-0.008,0.0032
2023-02-16,-0.0104,-0.0266,-0.0138
2023-02-17,-0.0075,-0.0156,-0.0025
2023-02-21,-0.0267,-0.0209,-0.0201
2023-02-22,0.0029,-0.0046,-0.0014
2023-02-23,0.0033,0.013,0.0053
2023-02-24,-0.018,-0.0218,-0.0107
2023-02-27,0.0082,0.0038,0.0034
2023-02-28,-0.0034,-0.003,-0.0037
2023-03-01,-0.0142,-0.0126,-0.0038
2023-03-02,0.0041,0.0197,0.0078
2023-03-03,0.0351,0.0166,0.016
2023-03-06,0.0185,0.0062,0.0007
2023-03-07,-0.0145,-0.0106,-0.0153
2023-03-08,0.0084,-0.0018,0.0016
2023-03-09,-0.0149,-0.0054,-0.0184
2023-03-10,-0.0139,-0.0148,-0.0144
2023-03-13,0.0133,0.0214,-0.0014
2023-03-14,0.0141,0.0271,0.0165
2023-03-15,0.0026,0.0178,-0.0063
2023-03-16,0.0187,0.0405,0.0175
2023-03-17,-0.0055,0.0117,-0.0117
2023-03-20,0.0155,-0.0258,0.0096
2023-03-21,0.0119,0.0057,0.0131
2023-03-22,-0.0091,-0.0054,-0.017
2023-03-23,0.007,0.0197,0.0027
2023-03-24,0.0083,0.0105,0.0066
2023-03-27,-0.0123,-0.0149,0.0019
2023-03-28,-0.004,-0.0042,-0.0022
2023-03-29,0.0198,0.0192,0.0145
2023-03-30,0.0099,0.0126,0.0059
2023-03-31,0.0156,0.015,0.0141
2023-04-03,0.0077,-0.0037,0.0038
2023-04-04,-0.0032,-0.0002,-0.0055
2023-04-05,-0.0113,-0.0099,-0.0026
2023-04-06,0.0055,0.0255,0.0039
2023-04-10,-0.016,-0.0076,0.001
2023-04-11,-0.0076,-0.0227,0.0003
2023-04-12,-0.0044,0.0023,-0.0041
2023-04-13,0.0341,0.0224,0.0133
2023-04-14,-0.0021,-0.0128,-0.0024
2023-04-17,0.0001,0.0093,0.0036
2023-04-18,0.0075,-0.0015,0.0007
2023-04-19,0.007,0.0003,-0.0002
2023-04-20,-0.0058,-0.0081,-0.0055
2023-04-21,-0.0098,-0.0012,0.0008
2023-04-24,0.0019,-0.014,0.001
2023-04-25,-0.0094,-0.0225,-0.0159
2023-04-26,-0.0001,0.0724,-0.0042
2023-04-27,0.0284,0.032,0.0199
2023-04-28,0.0075,0.008,0.0085
2023-05-01,-0.0005,-0.0055,-0.001
2023-05-02,-0.0062,-0.0005,-0.0112
2023-05-03,-0.0065,-0.0033,-0.0069
2023-05-04,-0.0099,0.0033,-0.0071
2023-05-05,0.0469,0.0172,0.0185
2023-05-08,-0.0004,-0.0064,0.0003
2023-05-09,-0.01,-0.0053,-0.0044
2023-05-10,0.0104,0.0173,0.0047
2023-05-11,0.0011,-0.007,-0.0017
2023-05-12,-0.0054,-0.0037,-0.0013
2023-05-15,-0.0029,0.0016,0.0035
2023-05-16,0.0,0.0074,-0.0067
2023-05-17,0.0036,0.0095,0.0121
2023-05-18,0.0137,0.0144,0.0096
2023-05-19,0.0006,-0.0006,-0.0015
2023-05-22,-0.0055,0.0089,0.0004
2023-05-23,-0.0152,-0.0184,-0.0112
2023-05-24,0.0016,-0.0045,-0.0072
2023-05-25,0.0067,0.0385,0.0087
2023-05-26,0.0141,0.0214,0.013
2023-05-30,0.0107,-0.005,0.0004
2023-05-31,-0.0003,-0.0085,-0.0055
2023-06-01,0.016,0.0128,0.0095
2023-06-02,0.0048,0.0085,0.0145
2023-06-05,-0.0076,0.0016,-0.0019
2023-06-06,-0.0021,-0.0067,0.0022
2023-06-07,-0.0078,-0.0309,-0.0035
2023-06-08,0.0155,0.0058,0.006
2023-06-09,0.0022,0.0047,0.0018
2023-06-12,0.0156,0.0155,0.0091
2023-06-13,-0.0026,0.0074,0.0066
2023-06-14,0.0035,0.0091,0.0012
2023-06-15,0.0112,0.0319,0.0124
2023-06-16,-0.0059,-0.0166,-0.0034
2023-06-20,0.0005,-0.0125,-0.0052
2023-06-21,-0.0057,-0.0133,-0.0051
2023-06-22,0.0165,0.0184,0.0036
2023-06-23,-0.0017,-0.0138,-0.0076
2023-06-26,-0.0076,-0.0192,-0.0041
2023-06-27,0.0151,0.0182,0.011
2023-06-28,0.0063,0.0038,0.0005
2023-06-29,0.0018,-0.0024,0.0039
2023-06-30,0.0231,0.0164,0.0118
2023-07-03,-0.0078,-0.0075,0.0012
2023-07-05,-0.0059,0.0005,-0.0015
2023-07-06,0.0025,0.0092,-0.0078
2023-07-07,-0.0059,-0.0119,-0.0025
2023-07-10,-0.0109,-0.016,0.0025
2023-07-11,-0.0028,0.0019,0.0064
2023-07-12,0.009,0.0142,0.008
2023-07-13,0.0041,0.0162,0.0079
2023-07-14,0.0008,0.0075,-0.0006
2023-07-17,0.0173,0.0014,0.0035
2023-07-18,-0.0013,0.0398,0.0074
2023-07-19,0.0071,-0.0123,0.0022
2023-07-20,-0.0101,-0.0231,-0.0066
2023-07-21,-0.0062,-0.0089,0.0
2023-07-24,0.0042,0.0039,0.0045
2023-07-25,0.0045,0.017,0.0027
2023-07-26,0.0045,-0.0376,0.0002
2023-07-27,-0.0066,-0.0209,-0.0066
2023-07-28,0.0135,0.0231,0.0098
2023-07-31,0.0032,-0.0072,0.0019
2023-08-01,-0.0043,0.0013,-0.0029
2023-08-02,-0.0155,-0.0263,-0.0139
2023-08-03,-0.0073,-0.0026,-0.0029
2023-08-04,-0.048,0.0034,-0.0045
2023-08-07,-0.0173,0.0071,0.0087
2023-08-08,0.0053,-0.0123,-0.0043
2023-08-09,-0.009,-0.0117,-0.0067
2023-08-10,-0.0012,0.0022,0.0004
2023-08-11,0.0003,-0.0059,-0.0006
2023-08-14,0.0094,0.0094,0.0055
2023-08-15,-0.0112,-0.0067,-0.0116
2023-08-16,-0.005,-0.0024,-0.0073
2023-08-17,-0.0146,-0.011,-0.0076
2023-08-18,0.0028,-0.0013,0.0005
2023-08-21,0.0077,0.0171,0.0065
2023-08-22,0.0079,0.0018,-0.0027
2023-08-23,0.0219,0.0141,0.0111
2023-08-24,-0.0262,-0.0215,-0.0139
2023-08-25,0.0126,0.0094,0.007
2023-08-28,0.0088,0.0022,0.0063
2023-08-29,0.0218,0.0146,0.0145
2023-08-30,0.0192,0.0012,0.0041
2023-08-31,0.0012,-0.0031,-0.0015
2023-09-01,0.0085,0.0027,0.0019
2023-09-05,0.0013,0.0149,-0.0043
2023-09-06,-0.0358,-0.002,-0.0067
2023-09-07,-0.0292,-0.0089,-0.0031
2023-09-08,0.0035,0.0132,0.0015
2023-09-11,0.0066,0.011,0.0066
2023-09-12,-0.0171,-0.0183,-0.0055
2023-09-13,-0.0119,0.0129,0.0012
2023-09-14,0.0088,0.0079,0.0086
2023-09-15,-0.0042,-0.025,-0.012
2023-09-18,0.0169,-0.0035,0.0006
2023-09-19,0.0062,-0.0012,-0.0021
2023-09-20,-0.02,-0.024,-0.0092
2023-09-21,-0.0089,-0.0039,-0.0165
2023-09-22,0.0049,-0.0079,-0.0022
2023-09-25,0.0074,0.0017,0.0042
2023-09-26,-0.0234,-0.017,-0.0147
2023-09-27,-0.0089,0.0021,0.0004
2023-09-28,0.0015,0.0027,0.0058
2023-09-29,0.003,0.0067,-0.0024
2023-10-02,0.0148,0.0192,-0.0004
2023-10-03,-0.0078,-0.0261,-0.0134
2023-10-04,0.0073,0.0178,0.0073
2023-10-05,0.0072,0.0013,-0.0004
2023-10-06,0.0148,0.0247,0.0119
2023-10-09,0.0085,0.0078,0.0064
2023-10-10,-0.0034,-0.0043,0.0052
2023-10-11,0.0079,0.0123,0.0041
2023-10-12,0.0051,-0.0038,-0.0061
2023-10-13,-0.0103,-0.0104,-0.005
2023-10-16,-0.0007,0.015,0.0105
2023-10-17,-0.0088,-0.0017,0.0
2023-10-18,-0.0074,-0.0059,-0.0133
2023-10-19,-0.0022,0.0037,-0.0088
2023-10-20,-0.0147,-0.014,-0.0123
2023-10-23,0.0007,0.0081,-0.0017
2023-10-24,0.0025,0.0037,0.0075
2023-10-25,-0.0135,0.0307,-0.0144
2023-10-26,-0.0246,-0.0375,-0.012
2023-10-27,0.008,0.0059,-0.0045
2023-10-30,0.0123,0.0227,0.012
2023-10-31,0.0028,0.0024,0.0063
2023-11-01,0.0187,0.0235,0.0107
2023-11-02,0.0207,0.0065,0.0192
2023-11-03,-0.0052,0.0129,0.0091
2023-11-06,0.0146,0.0106,0.0023
2023-11-07,0.0145,0.0112,0.0028
2023-11-08,0.0059,0.0074,0.0007
2023-11-09,-0.0026,-0.0069,-0.0078
2023-11-10,0.0232,0.0249,0.0156
2023-11-13,-0.0086,-0.0081,-0.001
2023-11-14,0.0143,0.0098,0.0194
2023-11-15,0.003,0.0004,0.0021
2023-11-16,0.009,0.0176,0.0012
2023-11-17,-0.0001,-0.0168,0.0012
2023-11-20,0.0093,0.0205,0.0077
2023-11-21,-0.0042,-0.0116,-0.0022
2023-11-22,0.0035,0.0128,0.0039
2023-11-24,-0.007,-0.0011,0.0006
2023-11-27,-0.0009,0.0031,-0.0018
2023-11-28,0.0032,0.0108,0.001
2023-11-29,-0.0054,-0.0101,-0.0007
2023-11-30,0.0031,0.0002,0.0039
2023-12-01,0.0068,-0.0116,0.0059
2023-12-04,-0.0095,-0.0143,-0.0052
2023-12-05,0.0211,0.0092,-0.0002
2023-12-06,-0.0057,-0.01,-0.004
2023-12-07,0.0101,0.0058,0.0076
2023-12-08,0.0074,0.0088,0.0043
2023-12-11,-0.0129,-0.0078,0.0039
2023-12-12,0.0079,0.0083,0.0046
2023-12-13,0.0167,0.0,0.0138
2023-12-14,0.0008,-0.0225,0.0032
2023-12-15,-0.0027,0.0131,-0.0016
2023-12-18,-0.0085,0.0052,0.0056
2023-12-19,0.0054,0.0016,0.0061
2023-12-20,-0.0107,-0.0071,-0.0139
2023-12-21,-0.0008,0.0079,0.0095
2023-12-22,-0.0055,0.0028,0.002
2023-12-26,-0.0028,0.0002,0.0042
2023-12-27,0.0005,-0.0016,0.0018
2023-12-28,0.0022,0.0032,0.0004
2023-12-29,-0.0054,0.002,-0.0029
2024-01-02,-0.0358,-0.0137,-0.0056
2024-01-03,-0.0075,-0.0007,-0.0082
2024-01-04,-0.0127,-0.0072,-0.0032
2024-01-05,-0.004,-0.0005,0.0014
2024-01-08,0.0242,0.0189,0.0143
2024-01-09,-0.0023,0.0029,-0.0015
2024-01-10,0.0057,0.0186,0.0057
2024-01-11,-0.0032,0.0049,-0.0004
2024-01-12,0.0018,0.01,0.0007
2024-01-16,-0.0123,0.0046,-0.0037
2024-01-17,-0.0052,-0.002,-0.0056
2024-01-18,0.0326,0.0113,0.0089
2024-01-19,0.0155,0.0122,0.0125
2024-01-22,0.0122,-0.0054,0.0021
2024-01-23,0.0067,0.006,0.0029
2024-01-24,-0.0035,0.0092,0.0011
2024-01-25,-0.0017,0.0057,0.0054
2024-01-26,-0.009,-0.0023,-0.0013
2024-01-29,-0.0036,0.0143,0.0079
2024-01-30,-0.0192,-0.0028,-0.0008
2024-01-31,-0.0194,-0.0269,-0.0163
2024-02-01,0.0133,0.0156,0.0131
2024-02-02,-0.0054,0.0184,0.0105
2024-02-05,0.0098,-0.0135,-0.0036
2024-02-06,0.0086,-0.0004,0.0029
2024-02-07,0.0006,0.0211,0.0083
2024-02-08,-0.0058,0.0001,0.0004
2024-02-09,0.0041,0.0156,0.0058
2024-02-12,-0.009,-0.0126,-0.0004
2024-02-13,-0.0113,-0.0215,-0.0138
2024-02-14,-0.0048,0.0097,0.0091
2024-02-15,-0.0016,-0.0072,0.0069
2024-02-16,-0.0084,-0.0061,-0.005
2024-02-20,-0.0041,-0.0031,-0.0055
2024-02-21,0.0042,-0.0015,0.0009
2024-02-22,0.0112,0.0235,0.0207
2024-02-23,-0.01,-0.0032,0.0007
2024-02-26,-0.0075,-0.0068,-0.0037
2024-02-27,0.0081,-0.0001,0.0019
2024-02-28,-0.0066,0.0006,-0.0013
2024-02-29,-0.0037,0.0145,0.0036
2024-03-01,-0.006,0.0045,0.0094
2024-03-04,-0.0254,-0.0014,-0.0011
2024-03-05,-0.0284,-0.0296,-0.01
2024-03-06,-0.0059,-0.0014,0.0051
2024-03-07,-0.0007,0.0175,0.0099
2024-03-08,0.0102,-0.0071,-0.006
2024-03-11,0.0118,-0.0042,-0.0009
2024-03-12,0.0028,0.0266,0.0108
2024-03-13,-0.0121,-0.0004,-0.0016
2024-03-14,0.0109,0.0244,-0.002
2024-03-15,-0.0022,-0.0207,-0.0069
2024-03-18,0.0064,0.0022,0.0059
2024-03-19,0.0136,0.0098,0.0056
2024-03-20,0.0147,0.0091,0.0092
2024-03-21,-0.0409,0.0097,0.0033
2024-03-22,0.0053,-0.0015,-0.0019
2024-03-25,-0.0083,-0.0137,-0.0028
2024-03-26,-0.0067,-0.0029,-0.0018
2024-03-27,0.0212,-0.0005,0.0084
2024-03-28,-0.0106,-0.0017,-0.0002
2024-04-01,-0.0085,0.0092,-0.0017
2024-04-02,-0.007,-0.0074,-0.0064
2024-04-03,0.0048,-0.0023,0.0011
2024-04-04,-0.0049,-0.0061,-0.0122
2024-04-05,0.0045,0.0183,0.0104
2024-04-08,-0.0067,-0.0022,0.0006
2024-04-09,0.0072,0.004,0.0012
2024-04-10,-0.0111,-0.0071,-0.01
2024-04-11,0.0433,0.011,0.0075
2024-04-12,0.0086,-0.0141,-0.0138
2024-04-15,-0.0219,-0.0196,-0.0125
2024-04-16,-0.0192,0.0023,-0.0018
2024-04-17,-0.0081,-0.0066,-0.0059
2024-04-18,-0.0057,-0.0184,-0.0021
2024-04-19,-0.0122,-0.0127,-0.0087
2024-04-22,0.0051,0.0046,0.0092
2024-04-23,0.0064,0.0165,0.0119
2024-04-24,0.0127,0.0037,-0.0005
2024-04-25,0.0051,-0.0245,-0.0038
2024-04-26,-0.0035,0.0182,0.0095
2024-04-29,0.0248,-0.01,0.0035
2024-04-30,-0.0183,-0.0321,-0.0158
2024-05-01,-0.006,0.0144,-0.0032
2024-05-02,0.022,0.0073,0.0094
2024-05-03,0.0598,0.0222,0.0124
2024-05-06,-0.0091,0.0169,0.0103
2024-05-07,0.0038,-0.0102,0.0011
2024-05-08,0.0019,0.0029,0.0001
2024-05-09,0.01,0.0043,0.0058
2024-05-10,-0.0069,0.0059,0.0013
2024-05-13,0.0176,-0.0025,0.0001
2024-05-14,0.0062,0.0069,0.0046
2024-05-15,0.0122,0.0175,0.0124
2024-05-16,0.0006,-0.0049,-0.0021
2024-05-17,0.0002,-0.0019,0.0014
2024-05-20,0.0062,0.0122,0.0012
2024-05-21,0.0069,0.0087,0.0025
2024-05-22,-0.0075,0.0034,-0.0029
2024-05-23,-0.0211,-0.0082,-0.0073
2024-05-24,0.0166,0.0074,0.0066
2024-05-28,0.0001,0.0004,0.0007
2024-05-29,0.0016,-0.0027,-0.007
2024-05-30,0.0053,-0.0338,-0.0066
2024-05-31,0.005,0.0011,0.0091
2024-06-03,0.0093,-0.0039,0.0008
2024-06-04,0.0016,0.0062,0.0011
2024-06-05,0.0078,0.0191,0.0119
2024-06-06,-0.0071,0.0012,0.0
2024-06-07,0.0124,-0.0016,-0.0012
2024-06-10,-0.0191,0.0095,0.0031
2024-06-11,0.0726,0.0112,0.0024
2024-06-12,0.0286,0.0194,0.0082
2024-06-13,0.0055,0.0012,0.002
2024-06-14,-0.0082,0.0022,0.0006
2024-06-17,0.0197,0.0131,0.008
2024-06-18,-0.011,-0.0045,0.0025
2024-06-20,-0.0215,-0.0014,-0.0027
2024-06-21,-0.0104,0.0092,-0.0013
2024-06-24,0.0031,-0.0047,-0.0033
2024-06-25,0.0045,0.0073,0.0039
2024-06-26,0.02,0.0027,0.0012
2024-06-27,0.004,0.0015,0.0016
2024-06-28,-0.0163,-0.013,-0.0039
2024-07-01,0.0291,0.0219,0.0021
2024-07-02,0.0162,0.0056,0.0067
2024-07-03,0.0058,0.0032,0.0045
2024-07-05,0.0216,0.0147,0.0058
2024-07-08,0.0065,-0.0028,0.0012
2024-07-09,0.0038,-0.0144,0.001
2024-07-10,0.0188,0.0146,0.0099
2024-07-11,-0.0232,-0.0248,-0.0086
2024-07-12,0.0131,-0.0025,0.0063
2024-07-15,0.0167,0.0009,0.0027
2024-07-16,0.0018,-0.0098,0.0059
2024-07-17,-0.0253,-0.0133,-0.014
2024-07-18,-0.0205,-0.0071,-0.0077
2024-07-19,0.0006,-0.0074,-0.0066
2024-07-22,-0.0016,0.0133,0.0103
2024-07-23,0.0047,0.0043,-0.0016
2024-07-24,-0.0288,-0.0359,-0.0227
2024-07-25,-0.0048,-0.0245,-0.0052
2024-07-26,0.0022,0.0164,0.0112
2024-07-29,0.0013,0.0034,0.0006
2024-07-30,0.0026,-0.0089,-0.0051
2024-07-31,0.015,-0.0108,0.0163
2024-08-01,-0.0168,-0.003,-0.0142
2024-08-02,0.0069,-0.0207,-0.0186
2024-08-05,-0.0482,-0.0327,-0.0291
2024-08-06,-0.0097,0.0113,0.0092
2024-08-07,0.0125,-0.003,-0.0067
2024-08-08,0.0166,0.0107,0.0231
2024-08-09,0.0137,0.0083,0.0044
2024-08-12,0.0071,0.0019,0.0005
2024-08-13,0.0172,0.0177,0.0164
2024-08-14,0.002,0.0069,0.0032
2024-08-15,0.0135,0.0118,0.0171
2024-08-16,0.0059,-0.0061,0.0022
2024-08-19,-0.0007,0.0073,0.0096
2024-08-20,0.0027,0.0078,-0.0016
2024-08-21,-0.0005,-0.0016,0.0034
2024-08-22,-0.0083,-0.0203,-0.0078
2024-08-23,0.0103,0.003,0.0106
2024-08-26,0.0015,-0.0079,-0.0024
2024-08-27,0.0037,0.0008,0.0014
2024-08-28,-0.0068,-0.0078,-0.0058
2024-08-29,0.0146,0.0061,0.0001
2024-08-30,-0.0034,0.0097,0.0095
2024-09-03,-0.0272,-0.0185,-0.0206
2024-09-04,-0.0086,-0.0013,-0.002
2024-09-05,0.0069,-0.0012,-0.0024
2024-09-06,-0.007,-0.0164,-0.0168
2024-09-09,0.0004,0.01,0.0112
2024-09-10,-0.0036,0.0209,0.0044
2024-09-11,0.0116,0.0213,0.0103
2024-09-12,0.0005,0.0094,0.0084
2024-09-13,-0.0012,0.0084,0.0052
2024-09-16,-0.0278,0.0017,0.0015
2024-09-17,0.0022,0.0088,0.0004
2024-09-18,0.018,-0.01,-0.003
2024-09-19,0.0371,0.0183,0.0171
2024-09-20,-0.0029,-0.0078,-0.0017
2024-09-23,-0.0076,-0.004,0.0025
2024-09-24,0.004,-0.01,0.0029
2024-09-25,-0.0044,0.0069,-0.0022
2024-09-26,0.0051,-0.0019,0.004
2024-09-27,0.0012,-0.0076,-0.0015
2024-09-30,0.0229,0.0053,0.004
2024-10-01,-0.0291,-0.0223,-0.009
2024-10-02,0.0025,-0.0085,0.0004
2024-10-03,-0.0049,-0.0014,-0.0018
2024-10-04,0.005,-0.0012,0.0091
2024-10-07,-0.0225,-0.0157,-0.009
2024-10-08,0.0184,0.0126,0.0095
2024-10-09,0.0167,0.0066,0.0069
2024-10-10,-0.0022,-0.0039,-0.0018
2024-10-11,-0.0065,0.0012,0.006
2024-10-14,0.0165,0.0068,0.0082
2024-10-15,0.011,-0.001,-0.0078
2024-10-16,-0.0089,-0.0063,0.0043
2024-10-17,0.0016,0.0014,0.0001
2024-10-18,0.0123,0.0035,0.0038
2024-10-21,0.0063,0.0015,-0.0016
2024-10-22,-0.0026,0.0208,-0.0005
2024-10-23,-0.0216,-0.0068,-0.0091
2024-10-24,-0.0008,0.0003,0.0022
2024-10-25,0.0036,0.0081,-0.0003
2024-10-28,0.0086,-0.0036,0.0031
2024-10-29,0.0012,0.0126,0.0016
2024-10-30,-0.0153,0.0013,-0.003
2024-10-31,-0.0182,-0.0605,-0.0196
2024-11-01,-0.0133,0.0099,0.0042
2024-11-04,-0.004,-0.0047,-0.0022
2024-11-05,0.0065,0.0073,0.0121
2024-11-06,-0.0033,0.0212,0.0249
2024-11-07,0.0214,0.0125,0.0077
2024-11-08,-0.0012,-0.0068,0.0043
2024-11-11,-0.012,-0.0107,0.001
2024-11-12,0.0,0.012,-0.0031
2024-11-13,0.004,0.0051,0.0005
2024-11-14,0.0138,0.004,-0.0064
2024-11-15,-0.0141,-0.0279,-0.0128
2024-11-18,0.0134,0.0018,0.0041
2024-11-19,0.0011,0.0049,0.0037
2024-11-20,0.0032,-0.0055,0.0003
2024-11-21,-0.0021,-0.0043,0.0054
2024-11-22,0.0059,0.01,0.0031
2024-11-25,0.0131,0.0043,0.0034
2024-11-26,0.0094,0.022,0.0052
2024-11-27,-0.0006,-0.0117,-0.003
2024-11-29,0.0102,0.0011,0.0062
2024-12-02,0.0095,0.0178,0.0018
2024-12-03,0.0128,0.0005,0.0005
2024-12-04,0.0015,0.0144,0.0062
2024-12-05,0.0001,0.0119,-0.0016
2024-12-06,-0.0008,0.0021,0.0019
2024-12-09,0.0161,0.0055,-0.0051
2024-12-10,0.0041,-0.006,-0.0031
2024-12-11,-0.0052,0.0128,0.0077
2024-12-12,0.006,0.0013,-0.0052
2024-12-13,0.0007,-0.0051,-0.0002
2024-12-16,0.0117,0.0097,0.0043
2024-12-17,0.0097,0.0064,-0.0041
2024-12-18,-0.0214,-0.0376,-0.0298
2024-12-19,0.007,-0.0008,-0.0003
2024-12-20,0.0188,-0.001,0.012
2024-12-23,0.0031,-0.0031,0.006
2024-12-24,0.0115,0.0094,0.0111
2024-12-26,0.0032,-0.0028,0.0001
2024-12-27,-0.0132,-0.0173,-0.0105
2024-12-30,-0.0133,-0.0132,-0.0114
2024-12-31,-0.0071,-0.0078,-0.0036
2025-01-02,-0.0262,-0.0069,-0.0025
2025-01-03,-0.002,0.0114,0.0125
2025-01-06,0.0067,0.0106,0.0058
2025-01-07,-0.0114,-0.0128,-0.0113
2025-01-08,0.002,0.0052,0.0015
2025-01-10,-0.0241,-0.0132,-0.0153
2025-01-13,-0.0103,-0.0042,0.0016
2025-01-14,-0.0048,-0.0036,0.0014
2025-01-15,0.0197,0.0256,0.0182
2025-01-16,-0.0404,-0.0041,-0.0019
2025-01-17,0.0075,0.0105,0.01
2025-01-21,-0.0319,-0.0012,0.0092
2025-01-22,0.0053,0.0413,0.0056
2025-01-23,-0.0008,0.0011,0.0055
2025-01-24,-0.0039,-0.0059,-0.0029
2025-01-27,0.0318,-0.0214,-0.0141
2025-01-28,0.0365,0.0291,0.0086
2025-01-29,0.0046,-0.0109,-0.0045
2025-01-30,-0.0074,-0.0618,0.0054
2025-01-31,-0.0067,0.0002,-0.0053
2025-02-03,-0.0339,-0.01,-0.0067
2025-02-04,0.021,0.0035,0.0067
2025-02-05,-0.0014,0.0022,0.0041
2025-02-06,0.0032,0.0061,0.0035
2025-02-07,-0.024,-0.0146,-0.0092
2025-02-10,0.0012,0.006,0.0068
2025-02-11,0.0218,-0.0019,0.0008
2025-02-12,0.0183,-0.0058,-0.0032
2025-02-13,0.0197,0.0037,0.0106
2025-02-14,0.0127,-0.0051,0.0
2025-02-18,-0.0005,0.003,0.0029
2025-02-19,0.0016,0.0125,0.0024
2025-02-20,0.0039,0.0053,-0.0042
2025-02-21,-0.0011,-0.019,-0.0171
2025-02-24,0.0063,-0.0103,-0.0046
2025-02-25,-0.0002,-0.0151,-0.005
2025-02-26,-0.027,0.0046,0.0005
2025-02-27,-0.0127,-0.018,-0.016
2025-02-28,0.0191,0.0114,0.0156
2025-03-03,-0.0158,-0.0214,-0.0175
2025-03-04,-0.0088,0.0003,-0.0118
2025-03-05,-0.0008,0.0319,0.0107
2025-03-06,-0.0017,-0.0103,-0.0178
2025-03-07,0.0159,-0.009,0.0056
2025-03-10,-0.0485,-0.0334,-0.0266
2025-03-11,-0.0292,0.0008,-0.0083
2025-03-12,-0.0175,0.0074,0.0053
2025-03-13,-0.0336,-0.0117,-0.0133
2025-03-14,0.0182,0.0258,0.0207
2025-03-17,0.0024,0.0004,0.0077
2025-03-18,-0.0061,-0.0133,-0.0108
2025-03-19,0.012,0.0112,0.0109
2025-03-20,-0.0053,-0.0025,-0.0029
2025-03-21,0.0195,0.0114,0.0003
2025-03-24,0.0113,0.0047,0.0179
2025-03-25,0.0137,0.0053,0.0024
2025-03-26,-0.0099,-0.0131,-0.0119
2025-03-27,0.0105,0.0016,-0.0027
2025-03-28,-0.0266,-0.0302,-0.0201
2025-03-31,0.0194,-0.009,0.0067
2025-04-01,0.0048,0.0181,0.0028
2025-04-02,0.0031,-0.0001,0.0063
2025-04-03,-0.0925,-0.0236,-0.0493
2025-04-04,-0.0729,-0.0356,-0.0585
2025-04-07,-0.0367,-0.0055,-0.0018
2025-04-08,-0.0498,-0.0092,-0.0157
2025-04-09,0.1533,0.1013,0.105
2025-04-10,-0.0424,-0.0234,-0.0438
2025-04-11,0.0406,0.0186,0.0178
2025-04-14,0.0221,-0.0016,0.0097
2025-04-15,-0.0019,-0.0054,-0.0028
2025-04-16,-0.0389,-0.0366,-0.0222
2025-04-17,0.0139,-0.0103,0.0014
2025-04-21,-0.0194,-0.0235,-0.0238
2025-04-22,0.0341,0.0214,0.026
2025-04-23,0.0243,0.0206,0.0155
2025-04-24,0.0184,0.0345,0.021
2025-04-25,0.0044,0.0117,0.0072
2025-04-28,0.0041,-0.0018,0.0004
2025-04-29,0.0051,0.0074,0.0063
2025-04-30,0.0061,0.0031,0.0004
2025-05-01,0.0039,0.0763,0.0071
2025-05-02,-0.0374,0.0232,0.0148
2025-05-05,-0.0315,0.002,-0.0057
2025-05-06,-0.0019,-0.0066,-0.0084
2025-05-07,-0.0114,0.0001,0.0042
2025-05-08,0.0063,0.0111,0.007
2025-05-09,0.0053,0.0013,-0.0013
2025-05-12,0.0631,0.024,0.033
2025-05-13,0.0102,-0.0003,0.0066
2025-05-14,-0.0028,0.0085,0.0013
2025-05-15,-0.0041,0.0023,0.0049
2025-05-16,-0.0009,0.0025,0.0063
2025-05-19,-0.0117,0.0101,0.0011
2025-05-20,-0.0092,-0.0015,-0.0034
2025-05-21,-0.0231,-0.0122,-0.0169
2025-05-22,-0.0036,0.0051,0.0004
2025-05-23,-0.0302,-0.0103,-0.0068
2025-05-27,0.0253,0.0233,0.0208
2025-05-28,0.001,-0.0072,-0.0058
2025-05-29,-0.0023,0.0029,0.0039
2025-05-30,0.0045,0.0037,-0.0011
2025-06-02,0.0042,0.0035,0.0056
2025-06-03,0.0078,0.0022,0.0057
2025-06-04,-0.0022,0.0019,-0.0003
2025-06-05,-0.0108,0.0082,-0.0048
2025-06-06,0.0164,0.0058,0.0103
2025-06-09,-0.0121,0.005,0.0009
2025-06-10,0.0061,-0.0039,0.0057
2025-06-11,-0.0192,0.0036,-0.0029
2025-06-12,0.0021,0.0132,0.004
2025-06-13,-0.0138,-0.0082,-0.0112
2025-06-16,0.01,0.0088,0.0095
2025-06-17,-0.014,-0.0023,-0.0085
2025-06-18,0.0048,0.0046,-0.0002
2025-06-20,0.0225,-0.0059,-0.0023
2025-06-23,0.0025,0.018,0.0099
2025-06-24,-0.006,0.0085,0.011
2025-06-25,0.0063,0.0044,0.0006
2025-06-26,-0.0028,0.0105,0.0078
2025-06-27,0.0004,-0.003,0.005
2025-06-30,0.0203,0.003,0.0048
2025-07-01,0.0129,-0.0108,-0.0003
2025-07-02,0.0222,-0.002,0.0045
2025-07-03,0.0052,0.0158,0.0079
2025-07-07,-0.0169,-0.0022,-0.0075
2025-07-08,0.0003,-0.0022,-0.0005
2025-07-09,0.0054,0.0139,0.006
2025-07-10,0.006,-0.004,0.0028
2025-07-11,-0.0059,0.0037,-0.0035
2025-07-14,-0.012,-0.0006,0.0019
2025-07-15,0.0023,0.0056,-0.0043
2025-07-16,0.005,-0.0004,0.0033
2025-07-17,-0.0007,0.012,0.0061
2025-07-18,0.0055,-0.0032,-0.0007
2025-07-21,0.0062,0.0,0.0019
2025-07-22,0.009,-0.0094,0.0001
2025-07-23,-0.0012,0.0012,0.0085
2025-07-24,-0.0018,0.0099,0.0003
2025-07-25,0.0006,0.0055,0.0042
2025-07-28,0.0008,-0.0024,-0.0003
2025-07-29,-0.013,0.0001,-0.0026
2025-07-30,-0.0105,0.0013,-0.0013
2025-07-31,-0.0071,0.0395,-0.0038
2025-08-01,-0.025,-0.0176,-0.0164
2025-08-04,0.0048,0.022,0.0152
2025-08-05,-0.0021,-0.0147,-0.0051
2025-08-06,0.0509,-0.0053,0.0077
2025-08-07,0.0318,-0.0078,-0.0008
2025-08-08,0.0424,0.0023,0.0078
2025-08-11,-0.0083,-0.0005,-0.002
2025-08-12,0.0109,0.0143,0.0106
2025-08-13,0.016,-0.0164,0.0034
2025-08-14,-0.0024,0.0036,0.0001
2025-08-15,-0.0051,-0.0044,-0.0023
2025-08-18,-0.003,-0.0059,-0.0002
2025-08-19,-0.0014,-0.0142,-0.0054
2025-08-20,-0.0197,-0.0079,-0.0027
2025-08-21,-0.0049,-0.0013,-0.004
2025-08-22,0.0127,0.0059,0.0154
2025-08-25,-0.0026,-0.0059,-0.0044
2025-08-26,0.0095,-0.0044,0.0042
2025-08-27,0.0051,0.0094,0.0023
2025-08-28,0.009,0.0057,0.0035
2025-08-29,-0.0018,-0.0058,-0.006
2025-09-02,-0.0104,-0.0031,-0.0074
2025-09-03,0.0381,0.0005,0.0054
2025-09-04,0.0055,0.0052,0.0084
2025-09-05,-0.0004,-0.0255,-0.0029
2025-09-08,-0.0076,0.0065,0.0025
2025-09-09,-0.0148,0.0004,0.0023
2025-09-10,-0.0323,0.0039,0.0029
2025-09-11,0.0143,0.0013,0.0083
2025-09-12,0.0176,0.0177,-0.0003
2025-09-15,0.0112,0.0107,0.0053
2025-09-16,0.0061,-0.0123,-0.0014
2025-09-17,0.0035,0.0019,-0.0012
2025-09-18,-0.0046,-0.0031,0.0047
2025-09-19,0.032,0.0186,0.005
2025-09-22,0.0431,-0.0067,0.0047
2025-09-23,-0.0064,-0.0101,-0.0054
2025-09-24,-0.0083,0.0018,-0.0032
2025-09-25,0.0181,-0.0061,-0.0046
2025-09-26,-0.0055,0.0087,0.0057
2025-09-29,-0.004,0.0061,0.0028
2025-09-30,0.0008,0.0065,0.0038
2025-10-01,0.0032,0.0034,0.0034
2025-10-02,0.0066,-0.0076,0.0012
2025-10-03,0.0035,0.0031,0.0
2025-10-06,-0.0052,0.0217,0.0036
2025-10-07,-0.0008,-0.0087,-0.0037
2025-10-08,0.0062,0.0017,0.006
2025-10-09,-0.0156,-0.0047,-0.0029
2025-10-10,-0.0345,-0.0219,-0.027
2025-10-13,0.0097,0.006,0.0153
2025-10-14,0.0004,-0.0009,-0.0012
2025-10-15,0.0063,-0.0003,0.0044
2025-10-16,-0.0076,-0.0035,-0.0068
2025-10-17,0.0196,0.0039,0.0057
2025-10-20,0.0394,0.0063,0.0104
2025-10-21,0.002,0.0017,0.0
2025-10-22,-0.0164,0.0056,-0.0052
2025-10-23,0.0044,0.0,0.0059
2025-10-24,0.0125,0.0059,0.0082
2025-10-27,0.0228,0.0151,0.0118
2025-10-28,0.0007,0.0198,0.0027
2025-10-29,0.0026,-0.001,0.0005
2025-10-30,0.0063,-0.0292,-0.011
2025-10-31,-0.0038,-0.0151,0.0033
2025-11-03,-0.0049,-0.0015,0.0019
2025-11-04,0.0037,-0.0052,-0.0119
2025-11-05,0.0004,-0.0139,0.0035
2025-11-06,-0.0014,-0.0198,-0.0107
2025-11-07,-0.0048,-0.0006,0.001
2025-11-10,0.0045,0.0185,0.0156
2025-11-11,0.0216,0.0053,0.0023
2025-11-12,-0.0065,0.0048,0.0006
2025-11-13,-0.0019,-0.0154,-0.0166
2025-11-14,-0.002,0.0137,-0.0002
2025-11-17,-0.0182,-0.0053,-0.0093
2025-11-18,-0.0001,-0.027,-0.0084
2025-11-19,0.0042,-0.0135,0.0039
2025-11-20,-0.0086,-0.016,-0.0152
2025-11-21,0.0197,-0.0132,0.01
2025-11-24,0.0163,0.004,0.0147
2025-11-25,0.0038,0.0063,0.0094
2025-11-26,0.0021,0.0178,0.0069
2025-11-28,0.0047,0.0134,0.0055
2025-12-01,0.0152,-0.0107,-0.0046
2025-12-02,0.0109,0.0067,0.0019
2025-12-03,-0.0071,-0.025,0.0035
2025-12-04,-0.0121,0.0065,0.0007
2025-12-05,-0.0068,0.0048,0.0019
2025-12-08,-0.0032,0.0163,-0.003
2025-12-09,-0.0026,0.002,-0.0009
2025-12-10,0.0058,-0.0274,0.0066
2025-12-11,-0.0027,0.0103,0.0023
2025-12-12,0.0009,-0.0102,-0.0108
2025-12-15,-0.015,-0.0078,-0.0015
2025-12-16,0.0018,0.0033,-0.0027
2025-12-17,-0.0101,-0.0006,-0.011
2025-12-18,0.0013,0.0165,0.0076
2025-12-19,0.0054,0.004,0.0091
2025-12-22,-0.0099,-0.0021,0.0062
2025-12-23,0.0051,0.004,0.0046
2025-12-24,0.0053,0.0024,0.0035
2025-12-26,-0.0015,-0.0006,-0.0001
2025-12-29,0.0013,-0.0013,-0.0036
2025-12-30,-0.0025,0.0008,-0.0012
2025-12-31,-0.0045,-0.0079,-0.0074
2026-01-02,-0.0031,-0.0221,0.0018
2026-01-05,-0.0138,-0.0002,0.0067
2026-01-06,-0.0183,0.012,0.0059
2026-01-07,-0.0077,0.0104,-0.0032
2026-01-08,-0.005,-0.0111,-0.0001
2026-01-09,0.0013,0.0024,0.0066
2026-01-12,0.0034,-0.0044,0.0016
2026-01-13,0.0031,-0.0136,-0.002
2026-01-14,-0.0042,-0.024,-0.0049
2026-01-15,-0.0067,-0.0059,0.0027
2026-01-16,-0.0104,0.007,-0.0008
2026-01-20,-0.0346,-0.0116,-0.0204
2026-01-21,0.0039,-0.0229,0.0115
2026-01-22,0.0028,0.0158,0.0052
2026-01-23,-0.0012,0.0328,0.0004
2026-01-26,0.0297,0.0093,0.0051
2026-01-27,0.0112,0.0219,0.004
2026-01-28,-0.0071,0.0022,-0.0001
2026-01-29,0.0072,-0.0999,-0.002
2026-01-30,0.0046,-0.0074,-0.003
2026-02-02,0.0406,-0.0161,0.005
2026-02-03,-0.002,-0.0287,-0.0085
2026-02-04,0.026,0.0072,-0.0048
2026-02-05,-0.0021,-0.0495,-0.0125
2026-02-06,0.008,0.019,0.0192
2026-02-09,-0.0117,0.0311,0.0048
2026-02-10,-0.0034,-0.0008,-0.0026
2026-02-11,0.0067,-0.0215,-0.0002
2026-02-12,-0.05,-0.0063,-0.0154
2026-02-13,-0.0227,-0.0013,0.0007
2026-02-17,0.0317,-0.0111,0.0016
2026-02-18,0.0018,0.0069,0.005
2026-02-19,-0.0143,-0.0006,-0.0026
2026-02-20,0.0154,-0.0031,0.0072
2026-02-23,0.006,-0.0321,-0.0102
2026-02-24,0.0224,0.0118,0.0073
2026-02-25,0.0077,0.0298,0.0084
2026-02-26,-0.0047,0.0028,-0.0056
2026-02-27,-0.0321,-0.0224,-0.0048
2026-03-02,0.002,0.0148,0.0006
2026-03-03,-0.0037,0.0135,-0.0088
2026-03-04,-0.0047,0.0031,0.0071
2026-03-05,-0.0085,0.0135,-0.0056
2026-03-06,-0.0109,-0.0042,-0.0131
2026-03-09,0.0094,0.0011,0.0088
2026-03-10,0.0037,-0.0089,-0.0016
2026-03-11,-0.0001,-0.0022,-0.0013
2026-03-12,-0.0194,-0.0075,-0.0152
2026-03-13,-0.0221,-0.0157,-0.0057
2026-03-16,0.0108,0.0111,0.0102
2026-03-17,0.0056,-0.0014,0.0026
2026-03-18,-0.0169,-0.0191,-0.014
2026-03-19,-0.0039,-0.0071,-0.0025
2026-03-20,-0.0039,-0.0184,-0.0143
2026-03-23,0.0141,0.003,0.0105
2026-03-24,0.0006,-0.0268,-0.0034
2026-03-25,0.0039,-0.0046,0.0056
2026-03-26,0.0011,-0.0137,-0.0179
2026-03-27,-0.0162,-0.0251,-0.0171
2026-03-30,-0.0087,0.0061,-0.0033
2026-03-31,0.029,0.0312,0.0291
2026-04-01,0.0073,-0.0022,0.0075
2026-04-02,0.0011,0.0111,0.0009
2026-04-06,0.0115,-0.0016,0.0047
2026-04-07,-0.0207,-0.0016,0.0004
2026-04-08,0.0213,0.0055,0.0255
2026-04-09,0.0061,-0.0034,0.0058
2026-04-10,0.0,-0.0059,-0.0007
2026-04-13,-0.0049,0.0364,0.0098
2026-04-14,-0.0014,0.0227,0.0122
2026-04-15,0.0294,0.0461,0.0079
2026-04-16,-0.0114,0.022,0.0025
2026-04-17,0.0259,0.006,0.0121
2026-04-20,0.0104,-0.0112,-0.002
2026-04-21,-0.0252,0.0146,-0.0065
2026-04-22,0.0263,0.0207,0.0101
2026-04-23,0.001,-0.0397,-0.0039
2026-04-24,-0.0087,0.0213,0.0077
2026-04-27,-0.0127,0.0005,0.0017
2026-04-28,0.0116,0.0104,-0.0049
2026-04-29,-0.002,-0.0112,-0.0002
2026-04-30,0.0044,-0.0393,0.0099
2026-05-01,0.0324,0.0163,0.0028
2026-05-04,-0.0118,-0.002,-0.0037
2026-05-05,0.0266,-0.0054,0.008
2026-05-06,0.0117,0.0063,0.0139
2026-05-07,-0.0002,0.0165,-0.0031
2026-05-08,0.0205,-0.0134,0.0083
2026-05-11,-0.0013,-0.0059,0.0023
2026-05-12,0.0072,-0.0119,-0.0015
2026-05-13,0.0138,-0.0063,0.0056
2026-05-14,-0.0022,0.0104,0.0079
2026-05-15,0.0068,0.0305,-0.012
2026-05-18,-0.008,0.0038,-0.0007
2026-05-19,0.0038,-0.0144,-0.0067
2026-05-20,0.011,0.0087,0.0102
2026-05-21,0.0091,-0.0025,0.002
2026-05-22,0.0126,-0.0012,0.0039
2026-05-26,-0.0016,-0.0061,0.0066
2026-05-27,0.0082,-0.0081,-0.0002
2026-05-28,0.0053,0.0347,0.0055
2026-05-29,-0.0014,0.0545,0.0025
2026-06-01,-0.0184,0.0228,0.0027
2026-06-02,0.029,-0.0417,0.0014
2026-06-03,-0.0157,-0.0317,-0.007
2026-06-04,0.0031,0.0017,0.0038
2026-06-05,-0.0125,-0.0266,-0.0258
2026-06-08,-0.0189,-0.0118,0.0023
2026-06-09,-0.0364,-0.0202,-0.0029
2026-06-10,0.0035,-0.015,-0.0158
2026-06-11,0.0139,-0.0177,0.017
2026-06-12,-0.0152,0.001,0.0054
2026-06-15,0.0182,0.0231,0.0176
2026-06-16,0.0095,-0.0148,-0.006
2026-06-17,-0.011,-0.0379,-0.0125
2026-06-18,0.007,0.0013,0.0104
2026-06-22,-0.0034,-0.0318,-0.0031
2026-06-23,-0.0091,0.018,-0.0145
2026-06-24,-0.0041,-0.0227,-0.0005
2026-06-25,-0.0612,-0.0346,0.0014
2026-06-26,0.0314,0.0571,-0.0072
2026-06-29,-0.0072,-0.0118,0.0165
